아이디,이름,성별,나이,생년월일
8ff737f7-81b2-4c53-9ce3-9c0827c0d069,서주원,남성,29,2013-6-21
a54e9783-ab4b-4b7b-99d4-3b4d338ba0b6,권우진,남성,21,1996-1-28
6dd99a1f-acfa-4e8e-8cc6-eb88f3703579,신시우,여성,61,1954-8-10
df226095-5b39-4211-8a06-6bc21fe308c6,김지우,남성,22,2019-3-30
2207835d-6d6c-4484-948a-6e61b96e3f06,한다은,여성,55,2004-12-26
e200b360-8f6c-40bf-81cb-65c14fad81b1,김지훈,여성,42,1975-9-24
d433b63b-a377-4998-8d25-3e45d86fd324,이서영,남성,17,1956-10-27
856dd148-820b-44c4-b410-df82902d1f0b,박다은,여성,20,2005-12-30
b1c10f30-59dd-411a-8380-9cf37a69a717,임시우,여성,52,1971-11-14
5e48d1e6-1d16-4819-8b63-e39863451853,박지안,남성,15,1997-9-3
